marker,comparison,diff,lwr.ci,upr.ci,pval
Calnexin,2d-Uninduced,0.2363016501170081,-0.09823145616604378,0.57083475640006,0.17372216677366226
Calnexin,4d-Uninduced,0.9079104368440061,0.5733773305609542,1.242443543127058,4.854189762326655e-5
Calnexin,6d-Uninduced,0.6746904229127433,0.3401573166296914,1.0092235291957952,0.001307870724811755
