marker,comparison,diff,lwr.ci,upr.ci,pval
Calnexin,Induced-Uninduced,0.10249796729828442,-1.1270524300988765,1.3320483646954453,0.8283226012885274
