marker,comparison,diff,lwr.ci,upr.ci,pval
GRP78,2d-Uninduced,0.0962274123518082,0.044530143789229884,0.14792468091438654,0.0015108319127259406
GRP78,4d-Uninduced,0.16245944993597072,0.1107621813733924,0.21415671849854906,6.572597749276987e-6
GRP78,6d-Uninduced,0.21785858115656875,0.16616131259399042,0.2695558497191471,6.167443488025448e-6
PDI,2d-Uninduced,0.02758352085804705,-0.04637397826975498,0.10154101998584908,0.5973100267323536
PDI,4d-Uninduced,-0.03393792223498149,-0.10789542136278352,0.04001957689282054,0.45267050487854776
PDI,6d-Uninduced,0.11614272016544236,0.04218522103764033,0.1901002192932444,0.004567763946830006
