marker,comparison,diff,lwr.ci,upr.ci,pval
GRP78,2d-Uninduced,0.0962274123518082,0.044530143789229884,0.14792468091438654,0.001696414891244169
GRP78,4d-Uninduced,0.16245944993597072,0.1107621813733924,0.21415671849854906,1.7037001334807567e-4
GRP78,6d-Uninduced,0.21785858115656875,0.16616131259399042,0.2695558497191471,5.209525650751168e-6
PDI,2d-Uninduced,0.02758352085804705,-0.04637397826975498,0.10154101998584908,0.5973170995443293
PDI,4d-Uninduced,-0.03393792223498149,-0.10789542136278352,0.04001957689282054,0.45253960267210747
PDI,6d-Uninduced,0.11614272016544236,0.04218522103764033,0.1901002192932444,0.0047850126321530295
