marker,comparison,diff,lwr.ci,upr.ci,pval
GRP94,2d-Uninduced,0.1212786269575602,-0.19816033935893834,0.44071759327405874,0.5854015051467818
GRP94,4d-Uninduced,0.19304848802084595,-0.1263904782956526,0.5124874543373446,0.2630102959183742
GRP94,6d-Uninduced,0.2925492669354429,-0.02688969938105562,0.6119882332519415,0.07133441814768149
