marker,comparison,diff,lwr.ci,upr.ci,pval
PDI,Induced-Uninduced,0.49643661500806613,0.13517335517144036,0.8576998748446919,0.018854096562031186
