marker,comparison,diff,lwr.ci,upr.ci,pval
SUN2,HGPS1-WT,664.6241229755396,-2753.2599281955154,4082.5081741465947,0.8070747757671767
SUN2,HGPS2-WT,543.9828030085664,-2873.9012481624886,3961.8668541796214,0.8637976944682708
