marker,comparison,diff,lwr.ci,upr.ci,pval
Hsc70,Induced-Uninduced,-0.028784171362777,-0.2768000931859406,0.21923175046038662,0.7634180699970532
