marker,comparison,diff,lwr.ci,upr.ci,pval
GRP94,Induced-Uninduced,-0.027547737291751972,-0.08981968989333504,0.034724215309831094,0.28668468853190454
