marker,comparison,diff,lwr.ci,upr.ci,pval
Calnexin,Induced-Uninduced,0.9079104368440061,0.5072784793280474,1.3085423943599648,0.0032598233237366436
